{
	"format_version": "1.8.0",
	"animations": {
		"static_idle": {
			"loop": true,
			"bones": {
				"lefthand": {
					"rotation": [124.66194, -13.08048, -197.36015],
					"position": [16.2, -11.9, -2.2],
					"scale": [1, 1.5, 1]
				},
				"righthand": {
					"rotation": [9.36049, 22.61662, -186.90386],
					"position": [-6.85, -9.075, -0.225],
					"scale": [1, 1.5, 1]
				},
				"R": {
					"rotation": [-100.34527, -14.76689, 2.66399],
					"position": [-1, 8, -12]
				}
			}
		},
		"use": {
			"animation_length": 4.6333,
			"bones": {
				"lefthand": {
					"rotation": {
						"0.0": [124.66194, -13.08048, -197.36015],
						"0.2667": [142.72423, 25.16192, -254.45777],
						"0.5333": [138.60562, 16.25344, -266.02663],
						"0.7333": [138.60562, 16.25344, -266.02663],
						"0.8667": [134.16, 16.25, -266.03],
						"1.0333": [173.61, 16.25, -266.03],
						"1.2667": [182.06699, 17.31044, -237.30212],
						"3.2667": [182.07, 17.31, -237.3],
						"3.4333": [173.61285, 16.251, -266.02798],
						"3.7": [173.61, 16.25, -266.03],
						"3.9333": [167.82747, 12.57039, -288.96248]
					},
					"position": {
						"0.0": [16.2, -11.9, -2.2],
						"0.3333": [6.47, -9.605, -2.2],
						"0.4333": [6.3, -9.845, -2.2],
						"0.5667": [6.495, -9.58, -2.2],
						"0.8": [6.235, -9.58, -2.2],
						"0.9333": [6.495, -9.58, -2.2],
						"1.1": [13.5, -10.58, 2.8],
						"1.3333": [13.5, -23.58, 2.8],
						"3.2667": [13.5, -23.58, 2.8],
						"3.4333": [20.5, -15.58, 2.8],
						"3.6333": [13.5, -9.58, 2.8],
						"3.7667": [5.5, -9.58, 2.8],
						"4.0333": [5.5, -15.58, 2.8]
					},
					"scale": [1, 1.5, 1]
				},
				"righthand": {
					"rotation": [9.36049, 22.61662, -186.90386],
					"position": [-6.85, -9.075, -0.225],
					"scale": [1, 1.5, 1]
				},
				"R": {
					"rotation": {
						"0.0": {
							"post": [-100.34527, -14.76689, 2.66399],
							"lerp_mode": "catmullrom"
						},
						"0.3667": {
							"post": [-116.16168, -51.38207, 12.75253],
							"lerp_mode": "catmullrom"
						},
						"0.5333": {
							"post": [-119.31828, -55.80767, 16.67069],
							"lerp_mode": "catmullrom"
						},
						"0.8333": {
							"post": [-123.01071, -60.87417, 20.92561],
							"lerp_mode": "catmullrom"
						},
						"0.9333": {
							"post": [-116.66657, -54.03523, 13.39292],
							"lerp_mode": "catmullrom"
						},
						"1.1333": {
							"post": [-123.01071, -60.87417, 20.92561],
							"lerp_mode": "catmullrom"
						},
						"1.3333": {
							"post": [-119.32, -55.81, 16.67],
							"lerp_mode": "catmullrom"
						},
						"1.6333": {
							"post": [-134.40533, -46.70001, 35.88072],
							"lerp_mode": "catmullrom"
						},
						"1.8": {
							"post": [-134.40533, -46.70001, 35.88072],
							"lerp_mode": "catmullrom"
						},
						"2.1333": {
							"post": [-143.07216, -35.36412, 48.9858],
							"lerp_mode": "catmullrom"
						},
						"2.5": {
							"post": [-143.07216, -35.36412, 48.9858],
							"lerp_mode": "catmullrom"
						},
						"2.9": {
							"post": [-148.37663, -20.84823, 60.13742],
							"lerp_mode": "catmullrom"
						},
						"3.2": {
							"post": [-148.37663, -20.84823, 60.13742],
							"lerp_mode": "catmullrom"
						},
						"3.4": {
							"post": [-136.84073, -29.08939, 44.8957],
							"lerp_mode": "catmullrom"
						},
						"3.6": {
							"post": [-116.16168, -51.38207, 12.75253],
							"lerp_mode": "catmullrom"
						},
						"3.8": {
							"post": [-116.16, -51.38, 12.75],
							"lerp_mode": "catmullrom"
						},
						"4.0333": {
							"post": [-100.34527, -14.76689, 2.66399],
							"lerp_mode": "catmullrom"
						},
						"4.2667": {
							"post": [-45.35, -14.77, 2.66],
							"lerp_mode": "catmullrom"
						}
					},
					"position": {
						"0.0": {
							"post": [-1, 8, -12],
							"lerp_mode": "catmullrom"
						},
						"0.3667": {
							"post": [9, 6, -9],
							"lerp_mode": "catmullrom"
						},
						"0.5333": {
							"post": [9, 7, -9],
							"lerp_mode": "catmullrom"
						},
						"0.8667": {
							"post": [9, 7.15, -8.425],
							"lerp_mode": "catmullrom"
						},
						"0.9667": {
							"post": [8.665, 7.17, -9.03],
							"lerp_mode": "catmullrom"
						},
						"1.1667": {
							"post": [9, 7.15, -8.425],
							"lerp_mode": "catmullrom"
						},
						"1.3333": {
							"post": [9, 7, -9],
							"lerp_mode": "catmullrom"
						},
						"1.4667": {
							"post": [9, 5, -10],
							"lerp_mode": "catmullrom"
						},
						"1.7": {
							"post": [9, 8, -1],
							"lerp_mode": "catmullrom"
						},
						"1.8667": {
							"post": [9, 8, -1],
							"lerp_mode": "catmullrom"
						},
						"2.1667": {
							"post": [9, 8.82, -1],
							"lerp_mode": "catmullrom"
						},
						"2.5333": {
							"post": [9, 8.82, -1],
							"lerp_mode": "catmullrom"
						},
						"2.9333": {
							"post": [9, 10.82, -1],
							"lerp_mode": "catmullrom"
						},
						"3.2333": {
							"post": [9, 10.82, -1],
							"lerp_mode": "catmullrom"
						},
						"3.4": {
							"post": [9, 9.955, -4.55],
							"lerp_mode": "catmullrom"
						},
						"3.6": {
							"post": [9, 6.82, -9],
							"lerp_mode": "catmullrom"
						},
						"3.8": {
							"post": [9, 6.82, -9],
							"lerp_mode": "catmullrom"
						},
						"4.0333": {
							"post": [-1, 8, -12],
							"lerp_mode": "catmullrom"
						},
						"4.2667": {
							"post": [-1, -13, -12],
							"lerp_mode": "catmullrom"
						}
					}
				},
				"camera": {
					"rotation": {
						"0.0": {
							"post": [0, 0, 0],
							"lerp_mode": "catmullrom"
						},
						"0.2667": {
							"post": [2, 0, 0],
							"lerp_mode": "catmullrom"
						},
						"0.3667": {
							"post": [1.76, 0, 0],
							"lerp_mode": "catmullrom"
						},
						"0.5333": {
							"post": [1.76, 0.81, 0],
							"lerp_mode": "catmullrom"
						},
						"0.7": {
							"post": [1.76, 0.595, 0],
							"lerp_mode": "catmullrom"
						},
						"0.8667": {
							"post": [1.76, 1.22, 0],
							"lerp_mode": "catmullrom"
						},
						"0.9667": {
							"post": [1.76, 4.22, 0],
							"lerp_mode": "catmullrom"
						},
						"1.0667": {
							"post": [1.76, 0.885, 0],
							"lerp_mode": "catmullrom"
						},
						"1.1333": {
							"post": [1.76, 1.57, 0],
							"lerp_mode": "catmullrom"
						},
						"1.3667": {
							"post": [3.76, 1.57, 0],
							"lerp_mode": "catmullrom"
						},
						"1.7667": {
							"post": [1.915, 1.57, 0],
							"lerp_mode": "catmullrom"
						},
						"2.1333": {
							"post": [0.545, 1.57, 0],
							"lerp_mode": "catmullrom"
						},
						"2.5333": {
							"post": [0.545, 1.57, 0],
							"lerp_mode": "catmullrom"
						},
						"2.8333": {
							"post": [-1.46, 1.57, 0],
							"lerp_mode": "catmullrom"
						},
						"3.2333": {
							"post": [-1.46, 1.57, 0],
							"lerp_mode": "catmullrom"
						},
						"3.5333": {
							"post": [0.54, 1.57, 0],
							"lerp_mode": "catmullrom"
						},
						"3.8": {
							"post": [0.54, 4.57, 0],
							"lerp_mode": "catmullrom"
						},
						"3.9333": {
							"post": [0.54, 0.015, 0],
							"lerp_mode": "catmullrom"
						},
						"4.1333": {
							"post": [0, 0, 0],
							"lerp_mode": "catmullrom"
						}
					}
				},
				"bone": {
					"rotation": {
						"0.9": [0, 0, 0],
						"1.0": [0, 0, 47.5]
					},
					"position": {
						"1.0": [0, 0, 0],
						"1.0667": [7, 0, 0]
					},
					"scale": {
						"1.0": [1, 1, 1],
						"1.1333": [0, 0, 0]
					}
				}
			}
		},
		"draw": {
			"animation_length": 0.2667,
			"bones": {
				"lefthand": {
					"rotation": {
						"0.0": [72.15855, 27.51235, -12.45891],
						"0.2": [124.66194, -13.08048, -197.36015]
					},
					"position": {
						"0.0": [1, -16, 6],
						"0.2": [16.2, -11.9, -2.2]
					},
					"scale": [1, 1.5, 1]
				},
				"righthand": {
					"rotation": [9.36049, 22.61662, -186.90386],
					"position": [-6.85, -9.075, -0.225],
					"scale": [1, 1.5, 1]
				},