{
	"format_version": "1.8.0",
	"animations": {
		"draw": {
			"animation_length": 0.6667,
			"bones": {
				"lefthand": {
					"rotation": [70.85899, -13.23124, -75.76038],
					"position": [8.5, -14, -2.25],
					"scale": [1, 1.5, 1]
				},
				"righthand": {
					"rotation": [103.08468, 18.22444, -183.0845],
					"position": [-9.25, -13.29, -2.4],
					"scale": [1, 1.5, 1]
				},
				"root": {
					"rotation": {
						"0.0": [55, 0, 0],
						"0.2917": [15, 0, 0],
						"0.4167": [15, 0, 0]
					},
					"position": {
						"0.0": [0, -13, 4],
						"0.25": {
							"pre": [0, -0.43, 0.575],
							"post": [0, -0.43, 0.575],
							"lerp_mode": "catmullrom"
						},
						"0.5": {
							"post": [0, -0.145, 0],
							"lerp_mode": "catmullrom"
						},
						"0.625": {
							"post": [0, 0, 0],
							"lerp_mode": "catmullrom"
						}
					}
				},
				"camera": {
					"rotation": {
						"0.0": {
							"post": [0, 0, 0],
							"lerp_mode": "catmullrom"
						},
						"0.2083": {
							"post": [1.1, -0.3, 0.7],
							"lerp_mode": "catmullrom"
						},
						"0.4167": {
							"post": [0.2, 0.1, -0.3],
							"lerp_mode": "catmullrom"
						},
						"0.625": {
							"post": [0, 0, 0],
							"lerp_mode": "catmullrom"
						}
					}
				}
			}
		},
		"static_idle": {
			"animation_length": 0.6667,
			"bones": {
				"lefthand": {
					"rotation": [70.85899, -13.23124, -75.76038],
					"position": [8.5, -14, -2.25],
					"scale": [1, 1.5, 1]
				},
				"righthand": {
					"rotation": [103.08468, 18.22444, -183.0845],
					"position": [-9.25, -13.29, -2.4],
					"scale": [1, 1.5, 1]
				},
				"root": {
					"rotation": [15, 0, 0],
					"position": {
						"0.0": {
							"post": [0, 0, 0],
							"lerp_mode": "catmullrom"
						}
					}
				}
			}
		},
		"unlock_safe": {
			"animation_length": 0.6667,
			"bones": {
				"lefthand": {
					"rotation": [70.85899, -13.23124, -75.76038],
					"position": [8.5, -14, -2.25],
					"scale": [1, 1.5, 1]
				},
				"righthand": {
					"rotation": {
						"0.0": [103.08468, 18.22444, -183.0845],
						"0.125": [128.62387, 18.04043, -179.0108],
						"0.375": [119.30493, 20.34905, -174.34964]
					},
					"position": [-9.25, -13.29, -2.4],
					"scale": [1, 1.5, 1]
				},
				"root": {
					"rotation": {
						"0.0": [15, 0, 0],
						"0.125": {
							"pre": [5.95883, -31.49427, 67.50879],
							"post": [5.95883, -31.49427, 67.50879],
							"lerp_mode": "catmullrom"
						},
						"0.375": {
							"post": [5.96, -31.49, 67.51],
							"lerp_mode": "catmullrom"
						}
					},
					"position": {
						"0.0": {
							"post": [0, 0, 0],
							"lerp_mode": "catmullrom"
						},
						"0.1667": {
							"post": [5, -9, 4],
							"lerp_mode": "catmullrom"
						},
						"0.4167": {
							"post": [5, -9, 4.47],
							"lerp_mode": "catmullrom"
						}
					}
				},
				"camera": {
					"rotation": {
						"0.0": {
							"post": [0, 0, 0],
							"lerp_mode": "catmullrom"
						},
						"0.0833": {
							"post": [0.55, -0.05, 0.1],
							"lerp_mode": "catmullrom"
						},
						"0.2083": {
							"post": [1.1, -0.3, 0.7],
							"lerp_mode": "catmullrom"
						},
						"0.3333": {
							"post": [0, 0, 0],
							"lerp_mode": "catmullrom"
						}
					}
				}
			}
		},
		"unlock_loop": {
			"loop": true,
			"animation_length": 0.75,
			"bones": {
				"lefthand": {
					"rotation": [70.85899, -13.23124, -75.76038],
					"position": [8.5, -14, -2.25],
					"scale": [1, 1.5, 1]
				},
				"righthand": {
					"rotation": [119.30493, 20.34905, -174.34964],
					"position": [-9.25, -13.29, -2.4],
					"scale": [1, 1.5, 1]
				},
				"root": {
					"rotation": {
						"0.0": {
							"post": [5.96, -31.49, 67.51],
							"lerp_mode": "catmullrom"
						},
						"0.375": {
							"post": [5.34922, -31.58854, 66.55262],
							"lerp_mode": "catmullrom"
						},
						"0.7083": {
							"post": [5.96, -31.49, 67.51],
							"lerp_mode": "catmullrom"
						}
					},
					"position": {
						"0.0": {
							"post": [5, -9, 4.47],
							"lerp_mode": "catmullrom"
						},
						"0.375": {
							"post": [4.615, -9.335, 4.47],
							"lerp_mode": "catmullrom"
						},
						"0.7083": {
							"post": [5, -9, 4.47],
							"lerp_mode": "catmullrom"
						}
					}
				},
				"camera": {
					"rotation": {
						"0.0": {
							"post": [0, 0, 0],
							"lerp_mode": "catmullrom"
						}
					}
				}
			}
		},
		"throw": {
			"animation_length": 0.9167,
			"bones": {
				"c4": {
					"rotation": {
						"0.375": {
							"pre": [0, 0, 0],
							"post": [0, 0, 0],
							"lerp_mode": "catmullrom"
						},
						"0.875": {
							"post": [0, 27.5, -92.5],
							"lerp_mode": "catmullrom"
						},
						"0.9167": {
							"post": [0, 0, 0],
							"lerp_mode": "catmullrom"
						}
					},
					"position": {
						"0.2917": {
							"pre": [0, 0, 0],
							"post": [0, 0, 0],
							"lerp_mode": "catmullrom"
						},
						"0.5": {
							"post": [1, 0, -34],
							"lerp_mode": "catmullrom"
						},
						"0.7083": {
							"post": [-11, -15, -47],
							"lerp_mode": "catmullrom"
						},
						"0.875": {
							"post": [-29, -40, -77],
							"lerp_mode": "catmullrom"
						},
						"0.9167": {
							"post": [0, 0, 0],
							"lerp_mode": "catmullrom"
						}
					},
					"scale": {
						"0.625": {"pre": [1, 1, 1], "post": [0, 0, 0]},
						"0.9167": {"pre": [0, 0, 0], "post": [1, 1, 1]}
					}
				},
				"lefthand": {
					"rotation": [70.85899, -13.23124, -75.76038],
					"position": [8.5, -14, -2.25],
					"scale": [1, 1.5, 1]
				},
				"righthand": {
					"rotation": {
						"0.0": [119.30493, 20.34905, -174.34964],
						"0.125": [112.47275, -3.39869, -187.13632],
						"0.2083": [103.08, 18.22, -183.08],
						"0.2917": [123.74233, -2.17886, -205.68641],
						"0.375": [123.81819, -4.25807, -207.0821],
						"0.625": [123.81819, -4.25807, -207.0821]
					},
					"position": {
						"0.0": [-9.25, -13.29, -2.4],
						"0.2083": [-9.25, -13.29, -2.4],
						"0.2917": [-17.25, -7.29, -4.4],
						"0.375": [-28.25, -4.29, -4.4],
						"0.625": [-28.25, -4.29, -4.4]
					},
					"scale": [1, 1.5, 1]
				},
				"root": {
					"rotation": {
						"0.0": {
							"post": [5.96, -31.49, 67.51],
							"lerp_mode": "catmullrom"
						}
					},
					"position": {
						"0.0": {
							"post": [5, -9, 4.47],
							"lerp_mode": "catmullrom"
						},
						"0.2083": {
							"post": [5, -9, 5.56],
							"lerp_mode": "catmullrom"
						},
						"0.3333": {
							"post": [5, -9, 1.765],
							"lerp_mode": "catmullrom"
						},
						"0.5417": {
							"post": [5, -9, 8.06],
							"lerp_mode": "catmullrom"
						},
						"0.75": {
							"post": [5, -9, 4.47],
							"lerp_mode": "catmullrom"
						}
					}
				},
				"c4_and_hand": {
					"rotation": {
						"0.0": {
							"post": [0, 0, 0],
							"lerp_mode": "catmullrom"
						},
						"0.25": {
							"post": [-19.24027, -16.32555, -112.44031],
							"lerp_mode": "catmullrom"
						},
						"0.6667": {
							"post": [-19.24, -16.33, -112.44],
							"lerp_mode": "catmullrom"
						}
					},
					"position": {
						"0.0": {
							"post": [0, 0, 0],
							"lerp_mode": "catmullrom"
						},
						"0.1667": {
							"post": [-5, 0, -5],
							"lerp_mode": "catmullrom"
						},
						"0.2917": {
							"post": [-17, -5, -1],
							"lerp_mode": "catmullrom"
						},
						"0.6667": {
							"post": [-17, -5, -1],
							"lerp_mode": "catmullrom"
						},
						"0.7917": {
							"post": [15.45, -3.98, 14.2],
							"lerp_mode": "catmullrom"
						}
					}
				},
				"camera": {
					"rotation": {
						"0.0": {
							"post": [0, 0, 0],
							"lerp_mode": "catmullrom"
						},
						"0.2083": {
							"post": [0.7, -0.2, 0.3],
							"lerp_mode": "catmullrom"
						},
						"0.25": {
							"post": [-0.1, 0, 1.03],
							"lerp_mode": "catmullrom"
						},
						"0.3333": {
							"post": [0.2, 0.1, -0.075],
							"lerp_mode": "catmullrom"
						},